participant_id,participant_created_at,participant_name,ID CORREGIDO,participant_age,participant_gender,participant_display_gender,participant_tags,notes,
c289b40f-d495-4e0d-8b57-257fcb799864,2023-01-20T22:08:56+01:00,"DANIEL IVAN HERNANDEZ VARGAS, Male, 32","30-1-027, Male, 32",32,1,male,,6,RealEye v12.4.0; 2023-02-09T17:44:42+01:00
15f13725-7bb0-4bf6-a95d-ef01bfb681cc,2023-01-15T21:55:40+01:00,"50-1-023, Male, 54","50-1-023, Male, 54",54,1,male,,6,
6d195785-520b-4631-a0ef-9bdf7c060ec5,2023-01-14T03:56:16+01:00,"50-1-019, Male, 55","50-1-019, Male, 55",55,1,male,,4,
fcf6ab94-aff7-44cf-8c74-20eb4b410eac,2023-01-13T02:28:08+01:00,Anonymous,,,,unknown,,4,
4b6d9c99-e02a-4213-bd89-19e0852bccc2,2023-01-09T01:54:15+01:00,"50-2-002, Female, 55","50-2-002, Female, 55",55,0,female,,4,
b0077508-75f4-4fec-8c94-72f15b26bb82,2023-01-05T01:53:12+01:00,"50-02-2, Female, 58","50-2-034, Female, 58",58,0,female,,4,
963021ff-b560-4977-84be-213db3c5561e,2023-01-05T00:55:37+01:00,"50-1-020, Male, 53","50-1-020, Male, 53",53,1,male,,1,
5b674b56-f6e4-44c2-8400-0125311ed10d,2022-12-29T17:17:05+01:00,"40-2-015, Female, 41","40-2-015, Female, 41",41,0,female,,4,
3cb24dfa-6203-4be7-bd83-24ffab16c7a7,2022-12-26T19:27:31+01:00,"50-1-009, Male, 51","50-1-009, Male, 51",51,1,male,,5,
4e089cca-d60b-434e-9edf-565f6c3b5a08,2022-12-24T17:40:59+01:00,"50-1-018, Male, 56","50-1-018, Male, 56",56,1,male,,6,
de35b12e-564b-4751-9398-048fd445cbc0,2022-12-24T02:25:02+01:00,"enrique ma rtinez antonio, Male","60-1-009, Male, 61",,1,male,,2,
28710d8f-7e99-43d5-b480-320e01dbcf0a,2022-12-24T02:12:03+01:00,"50-1-017, Male, 56","50-1-017, Male, 56",56,1,male,,5,
4c555a75-236b-4b64-9866-3c131f933400,2022-12-23T22:39:47+01:00,"50-1-021, Male, 55","50-1-021, Male, 55",55,1,male,,1,
2df70646-3ad4-440f-8e4d-79a8cf4a97a5,2022-12-23T19:10:11+01:00,"JULIO CÉSAR MEZA GRENE, Male, 49","40-1-023, Male, 49",49,1,male,,6,
02204a6b-32a2-4e8c-9ad6-86b3012d50c3,2022-12-22T18:13:11+01:00,"30-2-012, Female, 31","30-2-012, Female, 31",31,0,female,,5,
f02a13fd-b8a5-4243-a8a5-cf3d727299de,2022-12-21T21:50:03+01:00,"40-2-029, Female, 47","40-2-029, Female, 47",47,0,female,,2,
9af2fba8-2d3d-4dba-9b5e-33988c14bffc,2022-12-21T02:29:08+01:00,"60-1-007, Male, 62","60-1-007, Male, 62",62,1,male,,2,
3f5e54fe-6a5f-49cb-857f-83362fbb6377,2022-12-21T00:21:24+01:00,"50-1-022, Male, 55","50-1-022, Male, 55",55,1,male,,5,
b921384b-a105-455f-be17-b86ab0e25e93,2022-12-19T19:33:00+01:00,"60-2-001, Female, 67","60-2-001, Female, 67",67,0,female,,6,
4d9d2a6d-e0d1-4a80-a8a3-55203ac4634e,2022-12-16T18:03:41+01:00,"40-1-019, Male, 43","40-1-019, Male, 43",43,1,male,,2,
04d6ab41-7b91-412b-b92b-9a1cb4621c67,2022-12-16T01:24:38+01:00,"40-1-022, Male, 40","40-1-022, Male, 40",40,1,male,,3,
eadf6f6b-a0b0-450a-b3c1-3752b77b50d2,2022-12-15T02:33:39+01:00,"40-1-005, Male, 49","40-1-005, Male, 49",49,1,male,,5,
dc686883-99f6-4ef6-a66f-98f3a43fc6d5,2022-12-14T19:51:00+01:00,"40-1-021, Male, 47","40-1-021, Male, 47",47,1,male,,5,
6b3ff95c-2d75-4386-a004-ab0ad06acbb3,2022-12-14T18:34:55+01:00,"60-1-008, Male, 62","60-1-008, Male, 62",62,1,male,,6,
f2402bc2-66b6-41e3-ba6e-389b6c1a0d1a,2022-12-13T00:41:36+01:00,"50-2-005, Female, 53","50-2-005, Female, 53",53,0,female,,4,
5beb332d-8e1e-4649-9275-2d6503e0663e,2022-12-12T18:05:20+01:00,"40-1-018, Male, 48","40-1-018, Male, 48",48,1,male,,6,
d5579728-e659-4af0-baf5-4a74de7ede8d,2022-12-08T18:22:14+01:00,"60-2-025, Female, 67","60-2-025, Female, 67",67,0,female,,1,
1c664b8e-47bf-411f-9c95-0c2d0b28cc6e,2022-12-07T03:00:57+01:00,"50-2-015, Female, 53","50-2-015, Female, 53",53,0,female,,5,
43104d4b-4c9f-4ff7-9972-ba2faafc8963,2022-12-06T16:12:44+01:00,"40-2-001, Female, 46","40-2-001, Female, 46",46,0,female,,6,
39213aa8-6ece-4172-8ab4-8bc1547a0a77,2022-12-06T01:46:21+01:00,"60-1-006, Male, 69","60-1-006, Male, 69",69,1,male,,6,
6253e792-83ba-4678-8401-1da8569d458e,2022-12-05T19:40:31+01:00,"40-2-031, Female, 48","40-2-031, Female, 48",48,0,female,,3,
9bf24fb0-5f63-40d2-be09-50c960aad11e,2022-12-04T20:15:54+01:00,"60-2-002, Female, 65","60-2-002, Female, 65",65,0,female,,6,
88df0a11-0341-43d5-b40a-6d85e26e751b,2022-11-30T18:56:53+01:00,"50-2-020, Female, 59","50-2-020, Female, 59",59,0,female,,6,
8886a72b-06d2-48af-97fb-719bf17f96b0,2022-11-29T01:02:07+01:00,"50-2-009, Female, 55","50-2-009, Female, 55",55,0,female,,6,
bcd843c5-b20b-4f79-bd49-94917b3b3677,2022-11-28T21:31:58+01:00,"50-1-016, Male, 50","50-1-016, Male, 50",50,1,male,,5,
745bd0cd-ed61-4cac-b723-0f0c72cf9755,2022-11-27T00:57:13+01:00,"60-2-023, Female, 60","60-2-023, Female, 60",60,0,female,,4,
be7b5422-5652-4dd6-a196-f64bf1bdb15f,2022-11-25T21:23:01+01:00,"50-2-032, Female, 55","50-2-032, Female, 55",55,0,female,,4,
4a336cb9-721a-4c54-b508-bdb7d0293c9d,2022-11-24T02:50:45+01:00,"ANDREA LOPEZ  MENDOZA, Female, 58",,58,0,female,,1,
5542d833-e6e2-43b8-aaf6-1cf8602eb089,2022-11-23T17:22:21+01:00,"Gustavo Antonio Luna Guasco, Male","60-1-003, Male, 66",,1,male,,5,
0816fda7-c85c-410b-b602-61158a0582da,2022-11-22T23:48:18+01:00,"70-1-004, Male, 74","70-1-004, Male, 74",74,1,male,,5,
49c109c0-0d49-4fde-80b8-0fbbf06c5d4a,2022-11-19T17:59:47+01:00,"60-2-024, Female, 60","60-2-024, Female, 60",60,0,female,,6,
4af0d3b1-e9ed-479a-8c9f-0fbd48f4e0e6,2022-11-18T20:18:49+01:00,"40-1-016, Male, 40","40-1-016, Male, 40",40,1,male,,1,
34b8e0e8-10ac-4356-86a5-5a40f275313b,2022-11-18T01:54:11+01:00,"70-2007, Female, 73","70-2007, Female, 73",73,0,female,,5,
22cc9bc9-7109-4931-aadd-68043554e590,2022-11-17T00:21:41+01:00,"40-2-030, Female, 46","40-2-030, Female, 46",46,0,female,,5,
fc2f275b-f811-4a02-b20a-241b5f0ca2f1,2022-11-16T02:30:59+01:00,"50-2-010, Female, 52","50-2-010, Female, 52",52,0,female,,6,
44a58f27-642f-4a35-b545-10efd6e58550,2022-11-12T19:37:23+01:00,"50-01-001, Male, 50","50-01-001, Male, 50",50,1,male,,5,
de39fe63-3ae2-4690-8091-d79539dee8e2,2022-11-10T19:31:45+01:00,"30-1-028, Male, 34","30-1-028, Male, 34",34,1,male,,5,
6a575b55-5888-4152-bdf6-898a529a5fa8,2022-11-09T02:41:21+01:00,"40-2-028, Female, 48","40-2-028, Female, 48",48,0,female,,1,
a0d8bff7-83c8-4cf6-944a-ebf90b71bbe5,2022-11-07T21:32:45+01:00,"30-02-028, Female, 38","30-02-028, Female, 38",38,0,female,,5,
ff8aa962-800e-4fd9-8142-ab22dac3f305,2022-11-04T22:40:49+01:00,"70-2-006, Female, 72","70-2-006, Female, 72",72,0,female,,6,
13dbdc26-798d-4e23-93b4-03160113867f,2022-11-04T20:51:16+01:00,"40-1-017, Male, 42","40-1-017, Male, 42",42,1,male,,5,
e8f43fd1-5226-43e0-8a98-e68f5d71acd5,2022-11-01T18:17:35+01:00,"40-1-010, Male","40-1-010, Male, 46",,1,male,,4,
fbb0688c-d183-4143-b4c0-891cfe739b96,2022-11-01T02:24:43+01:00,"Miriam, Female, 46","40-2-004, Female, 46",46,0,female,,2,
de69ee02-a79e-43b3-8a2d-88de19ee8c77,2022-10-31T18:17:04+01:00,"50-1-014, Male, 52","50-1-014, Male, 52",52,1,male,,1,
c55f46a9-9c88-41bf-be45-14aee4379075,2022-10-29T03:04:42+02:00,"30-2-010, Female, 30","30-2-010, Female, 30",30,0,female,,5,
48884f53-6b52-4087-9488-462e87822161,2022-10-27T01:38:42+02:00,"20-2-029, Female, 25","20-2-029, Female, 25",25,0,female,,6,
658333d1-9c79-45d6-bf41-b044c05b294d,2022-10-24T01:14:28+02:00,"50-1-015, Male, 52","50-1-015, Male, 52",52,1,male,,6,
433dbecf-b129-49a3-83a4-c3ecdaf026fb,2022-10-20T21:47:23+02:00,"40-1-015, Male, 46","40-1-015, Male, 46",46,1,male,,6,
e2772450-d7f9-4725-9e28-d643ba3c7874,2022-10-18T22:38:19+02:00,"40-2-025, Female, 46","40-2-025, Female, 46",46,0,female,,6,
3fbf15e0-359a-4873-b976-ba73fb89e663,2022-10-18T21:45:45+02:00,"20-1-026, Male, 25","20-1-026, Male, 25",25,1,male,,3,
7fa37e72-10d4-4f3a-ad85-cc91f6c4e18c,2022-10-18T19:06:35+02:00,"50-2-029, Female, 50","50-2-029, Female, 50",50,0,female,,1,
3521adfe-95a8-439a-946a-080879df1541,2022-10-17T23:07:06+02:00,"40-2-024, Female, 42","40-2-024, Female, 42",42,0,female,,5,
fe68e82c-9f70-4dee-a730-1f06fc50fe7a,2022-10-15T02:06:03+02:00,"50-2-028, Female, 50","50-2-028, Female, 50",50,0,female,,5,
9687a674-67f2-43ae-8b85-7a9a32a4acbc,2022-10-12T19:21:21+02:00,"50-2-024, Female, 54","50-2-024, Female, 54",54,0,female,,5,
294752e0-9a56-43be-854a-8992c5a8867b,2022-10-12T18:43:35+02:00,"30-2-025, Female, 39","30-2-025, Female, 39",39,0,female,,4,
c655e856-bcf3-438e-ab12-4562394c91e7,2022-10-07T01:47:46+02:00,"30-2-024, Female, 32","30-2-024, Female, 32",32,0,female,,5,
f1cd4012-a3e2-4cb4-993f-3a753858e627,2022-10-04T20:27:37+02:00,"40-2-003, Female, 46","40-2-003, Female, 46",46,0,female,,5,
dad48c43-ad76-4b7d-b2ec-0d0106656a5a,2022-10-02T00:49:27+02:00,"40-1-14, Male, 46","40-1-014, Male, 46",46,1,male,,3,
f31746a9-0fcc-42f2-b442-34cf32d0de6f,2022-09-30T16:02:17+02:00,"40-1-012, Male, 46","40-1-012, Male, 46",46,1,male,,6,
0f0f1231-e076-465c-9e53-83a34f9dbb81,2022-09-29T17:00:16+02:00,"60-2-022, Female, 64","60-2-022, Female, 64",64,0,female,,5,
0d455e2a-30a9-4b4f-8ece-096938a3742f,2022-09-28T03:36:55+02:00,"40-1-013, Male, 46","40-1-013, Male, 46",46,1,male,,6,
406c9ace-4f5d-4e44-8604-d56d6e99f059,2022-09-27T18:25:29+02:00,"60-2-015, Female, 66","60-2-015, Female, 66",66,0,female,,4,
a920bba9-c3fe-4d89-9395-27e4f6a17db9,2022-09-27T03:16:34+02:00,"40-2-023, Female, 48","40-2-023, Female, 48",48,0,female,,6,
a4878726-bf02-4bc0-9fcb-4ad5e5de3726,2022-09-26T23:56:03+02:00,"50-1-013, Male, 51","50-1-013, Male, 51",51,1,male,,5,
06c2bcd2-8346-431c-a126-d874bfb97dda,2022-09-26T18:28:34+02:00,"70-2-005, Female, 75","70-2-005, Female, 75",75,0,female,,6,
8681a182-e122-418a-8618-f13e28a3eca9,2022-09-26T17:10:01+02:00,"50-2-027, Female","50-2-027, Female, 51",,0,female,,5,
11da7821-0ec6-403d-886a-8d893ff00dd6,2022-09-25T18:38:17+02:00,"40-2-018, Female, 42","40-2-018, Female, 42",42,0,female,,5,
29c2af42-5a58-4672-b712-c5fab900f7ed,2022-09-23T17:26:18+02:00,"LUIS AGUILAR, Male, 40","40-1-011, Male, 40",40,1,male,,5,
481eeef1-a905-49b8-97bf-825ed904b28a,2022-09-23T02:54:40+02:00,"30-2-026, Female, 33","30-2-026, Female, 33",33,0,female,,4,
3aca9e09-fa64-4324-b882-0fead1bcef59,2022-09-22T18:29:15+02:00,"Adriana Fuentes Cortés, Female, 46","40-2-022, Female, 46",46,0,female,,1,
403e4979-b972-47e6-81a0-eb70bc927e36,2022-09-20T00:25:01+02:00,"60-2-021, Female, 63","60-2-021, Female, 63",63,0,female,,5,
db68da3a-e77a-4450-bb75-a35ee87dc091,2022-09-17T19:48:29+02:00,"20-2-028, Female, 23","20-2-028, Female, 23",23,0,female,,5,
afc6ad8b-ca69-4987-ab06-7819aad1ba2c,2022-09-17T19:21:49+02:00,"60-1-005, Male, 65","60-1-005, Male, 65",65,1,male,,5,
eb009b35-6e7f-4f45-b948-d51af400424c,2022-09-14T21:01:41+02:00,"20-0-027, Female, 23","20-2-027, Female, 23",23,0,female,,5,
deb96593-9005-4c05-8f97-c3405614747d,2022-09-10T01:27:04+02:00,"50-1-011, Male, 59","50-1-011, Male, 59",59,1,male,,6,
cf85178b-73d5-4cc2-9725-7916940db48e,2022-09-07T14:48:00+02:00,"40-1-009, Male","40-1-009, Male, 40",,1,male,,3,
10762429-29ff-4446-98d5-3ee845808141,2022-09-04T21:51:00+02:00,"40-1-007, Male, 40","40-1-007, Male, 40",40,1,male,,5,
59c20ef6-01dc-422f-a578-e3157e9d1b37,2022-09-02T20:37:09+02:00,"20-2-020, Female, 22","20-2-020, Female, 22",22,0,female,,4,
9f96c93b-e034-4b0e-a9ef-ac80124e6f14,2022-08-30T21:52:19+02:00,"40-2-019, Female","40-2-019, Female, 48",,0,female,,6,
31167111-579b-484c-ba55-cc8e4efdf9d2,2022-08-30T18:44:49+02:00,"20-1-024, Male, 27","20-1-024, Male, 27",27,1,male,,4,
e9f85157-cca8-4a99-bbec-17129a9dbe88,2022-08-28T01:17:48+02:00,"50-2-026, Female, 56","50-2-026, Female, 56",56,0,female,,3,
e77b5f8f-c544-4ad2-951c-10d349107720,2022-08-27T21:02:28+02:00,"30-1-026, Male, 39","30-1-026, Male, 39",39,1,male,,3,
2e7339d5-b152-4e3f-acc9-6b958efa176f,2022-08-27T18:41:59+02:00,"20-2-026, Female, 24","20-2-026, Female, 24",24,0,female,,2,
1fd18622-53d7-49a7-90ba-05ee9ce89295,2022-08-27T17:46:24+02:00,"Flor de Maria Ivonne Pavía López, Female, 61","60-2-019, Female, 61",61,0,female,,5,
85884ea1-f176-43fa-9f79-955c70f48db6,2022-08-27T02:09:25+02:00,"50-2-025, Female, 52","50-2-025, Female, 52",52,0,female,,5,
19bf7c0c-b5bc-4d41-968e-f755da8809e6,2022-08-26T18:57:21+02:00,"40-1-008, Male, 46","40-1-008, Male, 46",46,1,male,,5,
7b3652a9-ba6a-48a6-a0eb-1158e592c8b8,2022-08-26T17:07:03+02:00,"30-1-022, Male, 36","30-1-022, Male, 36",36,1,male,,1,
e6f8252f-898a-440a-be01-f04bc342e02d,2022-08-25T20:53:34+02:00,"30-2-023, Female, 36","30-2-023, Female, 36",36,0,female,,5,
76143cd5-2f8b-448d-908b-a47da358e935,2022-08-25T18:26:02+02:00,"60-2-016, Female, 66","60-2-016, Female, 66",66,0,female,,5,
49d8b130-085c-4b39-a17a-1ac1aac08ccb,2022-08-24T21:28:15+02:00,"60-2-020, Female, 75","60-2-020, Female, 75",75,0,female,,6,
a9f8ef8e-1303-48fc-a170-97b0bf81c8d9,2022-08-23T20:43:48+02:00,"30-2-022, Female, 35","30-2-022, Female, 35",35,0,female,,4,
eaa8b1cd-f7d4-413c-a9ac-c93b07209f89,2022-08-23T18:16:08+02:00,"Grisel Robledo Cabrera, Female, 25","20-2-021, Female, 25",25,0,female,,5,
dad8669e-0f0e-4a6f-aa0b-3ae4b31a4e10,2022-08-21T21:51:12+02:00,"20-1-023, Male, 23","20-1-023, Male, 23",23,1,male,,5,
cebab283-900f-4101-98ed-8545fad563bf,2022-08-19T22:33:31+02:00,"20-1-022, Male, 22","20-1-022, Male, 22",22,1,male,,4,
5360128f-fc84-46bf-bffa-256334c0f82d,2022-08-19T17:59:22+02:00,"30-1-023, Male, 34","30-1-023, Male, 34",34,1,male,,5,
2a008cfd-4a48-4676-ad5b-a4372e464fef,2022-08-17T00:47:32+02:00,"60-2-018, Female, 60","60-2-018, Female, 60",60,0,female,,6,
73a0dbed-0dfe-4477-a65a-870ded9b1a77,2022-08-16T22:26:31+02:00,"20-2-025, Female, 21","20-2-025, Female, 21",21,0,female,,1,
c02c6bf4-adf5-4571-a63f-43deef89c76f,2022-08-16T00:10:49+02:00,"30-2-021, Female, 34","30-2-021, Female, 34",34,0,female,,1,
f69310f1-ad70-4cab-accb-df451d7ccc7f,2022-08-14T22:24:24+02:00,"20-1-021, Male, 21","20-1-021, Male, 21",21,1,male,,6,
ae27853d-cd5c-4501-a446-62b40bbd3e13,2022-08-14T17:40:26+02:00,"30-1-021, Male, 34","30-1-021, Male, 34",34,1,male,,3,
bc1a0041-5b50-416f-ba63-cc38acc74a21,2022-08-13T00:36:30+02:00,"20-2-018, Female, 22","20-2-018, Female, 22",22,0,female,,1,
ff088a8a-bfc4-4820-bb2c-866e3c25cd3c,2022-08-13T00:18:33+02:00,"ana maria contreras hernandez, Female, 62","60-2-012, Female, 62",62,0,female,,6,
927517f9-d000-476c-a1a8-3564cdf5df93,2022-08-11T23:49:04+02:00,"30-2-019, Female, 39","30-2-019, Female, 39",39,0,female,,5,
762daa98-64df-4895-9995-0eb20d45f70a,2022-08-11T22:51:33+02:00,"30-2-020, Female, 31","30-2-020, Female, 31",31,0,female,,6,
7493cbf8-811c-4b15-a463-33e33c58d9bb,2022-08-10T16:37:31+02:00,"20-2-024, Female, 21","20-2-024, Female, 21",21,0,female,,1,
4ef9983e-bd67-482e-af45-ed779d82142a,2022-08-09T00:47:21+02:00,"30-1-019, Male, 34","30-1-019, Male, 34",34,1,male,,3,
8798abeb-f97e-4455-b25e-6aba95e9d7f8,2022-08-08T18:02:51+02:00,"20-1-019, Male, 28","20-1-019, Male, 28",28,1,male,,6,
35ea6ccc-5023-49ef-9bb9-5a46dd2bd0b9,2022-08-08T17:15:54+02:00,"60-2-014, Female, 62","60-2-014, Female, 62",62,0,female,,4,
aa5fafb5-6e86-41bb-aca4-fd9a4934d2d6,2022-08-06T16:53:45+02:00,"20-2-023, Female, 22","20-2-023, Female, 22",22,0,female,,5,
1e314a57-5d60-4ab0-9746-d07a915ca9f0,2022-08-05T23:55:30+02:00,"30-1-020, Male, 34","30-1-020, Male, 34",34,1,male,,1,
fc90b71d-ea6d-4f17-b344-91acf125fbfc,2022-08-05T00:58:02+02:00,"20-1-020, Male, 24","20-1-020, Male, 24",24,1,male,,4,
dde3522e-12cc-48d2-9769-1aebb743161d,2022-08-04T17:30:10+02:00,"30-2-018, Female","30-2-018, Female, 30",,0,female,,5,
8396d197-8274-42ed-815e-a0b8307932b5,2022-08-03T21:16:51+02:00,"20-1-018, Male, 24","20-1-018, Male, 24",24,1,male,,6,
4d1cd30f-e886-4d45-8222-0a019bcfe42d,2022-08-02T22:58:15+02:00,"40-2-017, Female, 42","40-2-017, Female, 42",42,0,female,,1,
63e1c079-7109-46c3-b90b-42311d61ca18,2022-08-01T16:44:35+02:00,"70-1-003, Male, 72","70-1-003, Male, 72",72,1,male,,5,
39489e71-7780-46f6-97f2-efcacc852e53,2022-07-30T20:28:12+02:00,"20-2-002, Female, 20","20-2-002, Female, 20",20,0,female,,6,
eedfe348-5249-4e4c-94b8-31fd0d6fc332,2022-07-29T23:03:54+02:00,"20-2-019, Female, 28","20-2-019, Female, 28",28,0,female,,6,
dfa61119-162d-4a20-8ab7-ecfa6fd72d26,2022-07-29T19:11:53+02:00,"60-2-013, Female, 67","60-2-013, Female, 67",67,0,female,,4,
4d588881-e933-4614-b80e-0b4f4baf9523,2022-07-28T23:40:36+02:00,"20-2-016, Female, 20","20-2-016, Female, 20",20,0,female,,5,
69cd73ad-4237-4426-ae6a-83620b9df5a8,2022-07-28T01:05:09+02:00,"20-2-017, Female, 25","20-2-017, Female, 25",25,0,female,,5,
8ed3c830-7473-4074-b7be-a4d947b0cf70,2022-07-27T23:34:15+02:00,"20-2-022, Female","20-2-022, Female, 23",,0,female,,1,
b4d2da5f-9277-4ed5-9323-51bdb789d5ed,2022-07-27T02:15:22+02:00,"50-2-023, Female, 55","50-2-023, Female, 55",55,0,female,,6,
f3aed433-9d4f-469e-bb54-15d27ae68062,2022-07-26T18:17:24+02:00,"50-1-010, Male, 54","50-1-010, Male, 54",54,1,male,,5,
689334a0-8633-4843-a9dc-6724931891fd,2022-07-26T16:31:27+02:00,"30-2-016, Female","30-2-016, Female, 30",,0,female,,5,
bdb21319-1667-4fac-b3b4-ce102595bced,2022-07-26T03:38:59+02:00,"30-1-017, Male, 31","30-1-017, Male, 31",31,1,male,,3,
11d87b07-3cec-4de2-94b1-bdd79facce6b,2022-07-25T19:57:58+02:00,"20-1-004, Male, 20","20-1-004, Male, 20",20,1,male,,5,
d7cf368a-a23d-423a-96cf-cd044284088b,2022-07-24T18:35:55+02:00,"30-1-018, Male, 37","30-1-018, Male, 37",37,1,male,,6,
3f7d6e4d-25ac-4343-938f-31bfe28f4e98,2022-07-22T18:54:01+02:00,"30-2-014, Female, 33","30-2-014, Female, 33",33,0,female,,5,
9f243e76-e0dc-4404-8024-01fa1f8933ff,2022-07-22T01:02:26+02:00,"30-2-015, Female, 37","30-2-015, Female, 37",37,0,female,,4,
721457aa-a1fb-4f74-93d1-6072bac0d547,2022-07-19T22:18:53+02:00,"20-1-016, Male, 25","20-1-016, Male, 25",25,1,male,,5,
710bc357-778f-4ad0-b851-2536118c1627,2022-07-13T01:31:48+02:00,"20-1-015, Male, 24","20-1-015, Male, 24",24,1,male,,5,
d0e9d622-39ab-4afb-b74c-8ff136ef39f4,2022-06-29T15:36:47+02:00,"40-1-006, Male, 45","40-1-006, Male, 45",45,1,male,,4,
b9c9935d-ecaa-4927-9099-e6166ca9536a,2022-06-23T00:38:11+02:00,"30-2-013, Female, 33","30-2-013, Female, 33",33,0,female,,1,
4a5daedf-91fb-43ee-af54-1bfeaa315f46,2022-06-08T00:33:41+02:00,"Alejandro Olvera Fonseca, Male, 63","60-1-004, Male, 63",63,1,male,,1,
c1296b66-9043-4dd2-aa2f-e20886f41606,2022-05-31T21:07:19+02:00,"40-2-016, Female, 48","40-2-016, Female, 48",48,0,female,,3,
8608896c-978e-4dc9-b576-90544078a0f1,2022-05-31T00:36:45+02:00,"60-2-011, Female","60-2-011, Female, 64",,0,female,,4,
21f9cded-1161-4f69-832e-a9361978fc46,2022-05-23T19:12:51+02:00,"30-1-013, Male, 38","30-1-013, Male, 38",38,1,male,,5,
e5efc4b1-fba0-4fd7-a722-f4064c872f14,2022-05-23T01:08:11+02:00,"30-1-016, Male","30-1-016, Male, 30",,1,male,,5,
deea0da7-cca0-425a-b16a-80a58af6a62c,2022-05-19T21:54:20+02:00,"50-2-018, Female, 50","50-2-018, Female, 50",50,0,female,,3,
c4e582e2-95b6-458a-bc0e-baf4710732aa,2022-05-19T00:49:21+02:00,"30-1-014, Male, 34","30-1-014, Male, 34",34,1,male,,6,
f3394ff9-19a6-45ec-8010-02c95d83fbc4,2022-05-19T00:40:35+02:00,"40-2-015, Female, 41","40-2-015, Female, 41",41,0,female,,3,
b7834065-a093-4619-af25-99004237ae25,2022-05-18T23:33:20+02:00,"50-2-019, Female, 54","50-2-019, Female, 54",54,0,female,,5,
b8313fe1-a11f-4fa0-b682-9300a0f18ea9,2022-05-18T22:54:59+02:00,"40-2-014, Female, 43","40-2-014, Female, 43",43,0,female,,5,
176a9d2b-da8e-4920-b609-6feb9fc89881,2022-05-18T18:24:09+02:00,"40-1-004, Male, 40","40-1-004, Male, 40",40,1,male,,4,
701ed9e2-8a4b-46ff-b094-e329bbe1ce34,2022-05-15T23:25:18+02:00,"20-1-007, Male, 22","20-1-007, Male, 22",22,1,male,,6,
53529d8e-762d-4662-a87b-f6ba7df03ccb,2022-05-01T16:39:21+02:00,"Sarai Ulaje Valderrabano, Female, 32","30-2-009, Female, 32",32,0,female,,5,
08a8451e-de9b-4c24-8093-2226ecf27945,2022-04-29T02:14:51+02:00,"20-1-014, Male, 25","20-1-014, Male, 25",25,1,male,,2,
b4871268-c9d1-4e9e-b91b-9c1d9e275fa0,2022-04-28T01:02:42+02:00,"20-1-011, Male, 23","20-1-011, Male, 23",23,1,male,,1,
92397c5e-bcc5-4bfb-bea4-eac8fdcceef6,2022-04-27T21:00:17+02:00,"20-2-014, Female, 21","20-2-014, Female, 21",21,0,female,,3,
3e0532cb-f90b-4677-82c2-d72f3c4e27c2,2022-04-26T19:49:15+02:00,"20-1-013, Male, 29","20-1-013, Male, 29",29,1,male,,4,
a66c6672-bf56-4fee-95ea-914f5cb4e5aa,2022-04-26T02:44:04+02:00,"30-2-011, Female, 36","30-2-011, Female, 36",36,0,female,,1,
613b4e41-0d3a-4bf3-81f2-86cc62ae6898,2022-04-25T21:07:49+02:00,"20-2-015, Female, 24","20-2-015, Female, 24",24,0,female,,1,
d8e4d295-468c-462f-adc3-5cf7784e1b67,2022-04-25T00:47:32+02:00,"20-1-012, Male, 23","20-1-012, Male, 23",23,1,male,,1,
433aae4c-fe95-4b79-9451-43870d4b8626,2022-04-22T23:32:15+02:00,"30-2-004, Female","30-2-004, Female, 39",,0,female,,5,
9c41a645-a19c-474c-b558-12295604343a,2022-04-21T03:43:46+02:00,"50-1-008, Male, 57","50-1-008, Male, 57",57,1,male,,1,
9eb9c343-47ec-4252-ac2f-97c0cb7312d8,2022-04-15T01:18:30+02:00,"40-2.013, 45","40-2-013, Female, 45",45,,unknown,,5,
a32a466d-a032-44fb-aee3-be748b4b453b,2022-04-13T20:44:56+02:00,"Andrea Cervantes Cuevas , Female","20-2-012, Female, 29",,0,female,,4,
9295b5c9-480f-46e0-9121-5c7d1bab2596,2022-04-11T00:45:56+02:00,"20-2-010, Female, 29","20-2-010, Female, 29",29,0,female,,1,
1647073d-5e30-47c3-aa33-006daa9c6ef7,2022-04-09T01:50:35+02:00,"Sofía Guadalupe Manjarrez Medina , Female, 28","20-2-011, Female, 28",28,0,female,,1,
326045c1-df2b-418e-902d-3458aa46c591,2022-04-06T21:29:39+02:00,"30-1-011, Male, 37","30-1-011, Male, 37",37,1,male,,5,
45c4f378-5edd-454d-bbb3-baf529f56d3b,2022-03-31T17:59:55+02:00,"30 2 008, Female, 38","30 2 008, Female, 38",38,0,female,,5,
99da9c84-abc4-48c0-85a8-65317bfcf543,2022-03-30T00:33:14+02:00,"60-2-010, Female, 63","60-2-010, Female, 63",63,0,female,,5,
1dfbe379-6fbe-4292-82d7-53a6c8e98c4a,2022-03-27T21:22:18+02:00,"20-1-009, Male, 23","20-1-009, Male, 23",23,1,male,,5,
de8ba2f0-45d3-453a-be5c-a4c8b43ebb43,2022-03-25T22:34:49+01:00,"40-1-003, Male, 42","40-1-003, Male, 42",42,1,male,,1,
01d16386-07b4-4b21-834b-05a6e95943f9,2022-03-25T18:50:34+01:00,"30-1-009, Male, 35","30-1-009, Male, 35",35,1,male,,1,
66cecde7-3527-42c7-8902-b7b043f2b223,2022-03-25T01:08:28+01:00,"44-2-0012, Female, 46","44-2-0012, Female, 46",46,0,female,,4,
ed328aac-4fac-43b2-8ff4-606ce967a59a,2022-03-24T22:32:21+01:00,"30-2-007, Female, 34","30-2-007, Female, 34",34,0,female,,2,
863837ab-74ef-4352-81fc-7d0c516eef2a,2022-03-24T18:25:49+01:00,"20-1-010, Male, 25","20-1-010, Male, 25",25,1,male,,5,
1a375dca-6d63-4ad6-b5b6-aa87fc6b0d67,2022-03-22T16:24:13+01:00,"40-2-010, Female, 43","40-2-010, Female, 43",43,0,female,,5,
56d8dfd1-8341-489c-9bd9-0c2d0153d8a2,2022-03-17T23:48:27+01:00,"30-1-008, Male, 36","30-1-008, Male, 36",36,1,male,,4,
d297f493-ede3-4cd4-948a-81afb11cfd2f,2022-03-16T17:48:44+01:00,"Catalina Maía Genoveva Maurer Spitalier, Female, 64","60-2-008, Female, 64",64,0,female,,5,
f4289150-b2fa-43a6-b341-c44a25cc338e,2022-03-15T01:39:52+01:00,"40-1-002, Male, 41","40-1-002, Male, 41",41,1,male,,2,
ac793a01-2e6a-499b-853d-050bae729e53,2022-03-15T00:10:13+01:00,"30-1-007, Male, 33","30-1-007, Male, 33",33,1,male,,5,
1d7b92d5-32ff-439e-b143-761e2b07284e,2022-03-14T19:20:09+01:00,"40-2-009, Female","40-2-009, Female, 49",,0,female,,1,
3c0beb91-d7c2-4d52-89d3-1f5f8faaa9bc,2022-03-14T18:52:31+01:00,"60-2-009, Female, 63","60-2-009, Female, 63",63,0,female,,1,
c116e815-59a9-475a-9621-ee24e4a6a191,2022-03-13T20:34:39+01:00,"30-1-010, Male, 33","30-1-010, Male, 33",33,1,male,,3,
eb003789-82c6-499d-893c-b792d2473249,2022-03-13T20:03:41+01:00,"50-2-017, Female, 52","50-2-017, Female, 52",52,0,female,,5,
922b9215-a37c-447b-965d-8e0758637a9e,2022-03-12T20:54:15+01:00,"20-2-008, Female, 25","20-2-008, Female, 25",25,0,female,,5,
8658d05a-e8f3-4a82-bb66-6503d012763f,2022-03-10T17:25:56+01:00,"20-1-006, Male, 26","20-1-006, Male, 26",26,1,male,,1,
edf1de1a-acf1-4b9f-b64c-2f8bb4fb1eba,2022-03-09T01:42:49+01:00,"40-2-008, Female, 40","40-2-008, Female, 40",40,0,female,,4,
bb84982d-079a-4ec4-83bd-c97eb86b72ee,2022-03-07T17:28:52+01:00,"20-1-008, Male, 25","20-1-008, Male, 25",25,1,male,,4,
21807b7f-7661-41a4-ba87-d9229d119412,2022-03-07T01:54:57+01:00,"30-2-006, Female, 33","30-2-006, Female, 33",33,0,female,,1,
8df723ea-54f6-48f9-b13e-ae2452bf8ff2,2022-03-06T01:44:40+01:00,"30-2-005, Female, 35","30-2-005, Female, 35",35,0,female,,1,
ce17e6cb-73a8-4f91-b3be-39c3faaafcaa,2022-03-02T16:57:45+01:00,"20-01-005, Male, 22","20-01-005, Male, 22",22,1,male,,4,
b4f2fd27-ab0c-4831-aba3-e0febe3d5c88,2022-03-01T23:19:50+01:00,"20-2-006, Female, 24","20-2-006, Female, 24",24,0,female,,1,
b38b7d10-cf45-46da-a2ba-4f14cca10b3e,2022-02-26T00:39:04+01:00,"30-2-003, Female","30-2-003, Female, 33",,0,female,,4,
eb9916c8-6670-4bb9-a124-914b8a7bb1fe,2022-02-25T22:02:21+01:00,"20-2-007, Female, 27","20-2-007, Female, 27",27,0,female,,1,
687e3497-1c4b-49b4-ad4b-f88044760c5e,2022-02-25T20:17:38+01:00,"20-1-003, Male, 26","20-1-003, Male, 26",26,1,male,,5,
4d7d72ca-9033-49aa-84e6-072191003fb4,2022-02-25T18:20:12+01:00,"30-1-004, Male, 38","30-1-004, Male, 38",38,1,male,,3,
21d46351-3697-4dab-a770-882fadcc20cc,2022-02-25T16:38:38+01:00,"60-2-007, Female, 66","60-2-007, Female, 66",66,0,female,,4,
d52076e5-635c-403c-811a-39c584aaf1d2,2022-02-24T01:40:46+01:00,"30-1-002, Male, 34","30-1-002, Male, 34",34,1,male,,5,
bae5a1fe-0022-44d2-938d-bcefe103b6e9,2022-02-24T01:05:06+01:00,"40-2-006, Female, 44","40-2-006, Female, 44",44,0,female,,2,
a3b7aaf0-b132-44e7-86fc-89132ae37395,2022-02-24T00:00:45+01:00,"40-2-005, Female, 48","40-2-005, Female, 48",48,0,female,,1,
a4ef4973-6117-4705-9d49-ebde1326e40c,2022-02-23T17:49:38+01:00,"50-1-007, Male, 57","50-1-007, Male, 57",57,1,male,,1,
cfdcd112-8f76-4909-8196-04c09135eb0a,2022-02-22T17:16:03+01:00,"20-2-003, Female, 22","20-2-003, Female, 22",22,0,female,,4,
40c5467d-5295-491f-aac3-7cfca92e6ced,2022-02-21T22:50:26+01:00,"30-1-001, Male, 33","30-1-001, Male, 33",33,1,male,,5,
bbc485ce-934a-4979-b0a9-d84bdae1a0f2,2022-02-20T20:23:10+01:00,"50-1-004, Male, 53","50-1-004, Male, 53",53,1,male,,3,
7caf4e42-e958-4157-bbf8-ad09e3b3835e,2022-02-19T22:57:40+01:00,"60-1-002, Male, 63","60-1-002, Male, 63",63,1,male,,5,
f4be91c8-f59c-4c0c-9f0e-f9fc80f75a14,2022-02-19T19:01:05+01:00,"30-2-002, Female, 38","30-2-002, Female, 38",38,0,female,,4,
b4e38818-4027-4958-a6c2-980e9430de0e,2022-02-17T05:17:26+01:00,"20-1-002, Male, 22","20-1-002, Male, 22",22,1,male,,5,
d7eaef1a-c9a8-47f0-8257-47dcd6fa5cf9,2022-02-15T00:29:54+01:00,"50-2-12, Female, 58","50-2-12, Female, 58",58,0,female,,1,
2c71c5d6-82cf-4e26-ba62-7869fcfb1872,2022-02-14T20:58:31+01:00,"20-2-005, Female, 26","20-2-005, Female, 26",26,0,female,,5,
091c3379-b71d-4d30-b551-7dcc90c94513,2022-02-13T18:45:25+01:00,Anonymous,Anonymous,,,unknown,,1,
ec2e2e87-a2e9-495a-90cf-7aa5787d3c30,2022-02-11T14:22:41+01:00,"Maria Dolores  Alvarez, Female","50-2-015, Female, 52",,0,female,,5,
dc8f328c-fd7b-42a1-afb4-5b29621b92f4,2022-02-11T00:35:10+01:00,"Yael Escamilla, Female, 34","30-2-001, Female, 34",34,0,female,,5,
eca71148-9ea1-402a-ae3b-63f52daf2527,2022-02-10T23:38:48+01:00,"50-2-016, Female, 53","50-2-016, Female, 53",53,0,female,,1,
a3512e0d-831f-4643-9b50-607c73fc22d9,2022-02-10T20:39:12+01:00,"50-2-014, Female, 58","50-2-014, Female, 58",58,0,female,,3,
dfb828e7-70b6-4677-8fd2-232c6f560a58,2022-02-10T16:29:46+01:00,"50-1-006, Male, 51","50-1-006, Male, 51",51,1,male,,4,
846deed2-b9a1-47b9-87b0-298c00122b71,2022-02-08T00:23:14+01:00,"20-2-001, Female, 29","20-2-001, Female, 29",29,0,female,,5,
c6cf9dc1-fe6c-4dfe-84e0-7e55e8c17b9e,2022-02-05T00:34:21+01:00,"70-2-004, Female, 70","70-2-004, Female, 70",70,0,female,,5,
3d36da33-04fc-40bd-89af-292b42e96a94,2022-02-04T01:51:12+01:00,"40-2-002, Female, 46","40-2-002, Female, 46",46,0,female,,5,
d902648f-1648-4295-9a34-f03f2b2c6ddf,2022-02-03T01:57:31+01:00,"50-2-011, Female, 54","50-2-011, Female, 54",54,0,female,,4,
2b16c717-8d31-4aca-9e28-33f40aa42b62,2022-02-03T01:39:19+01:00,"60-1-001, Male, 64","60-1-001, Male, 64",64,1,male,,5,
0fdeac6e-3f2a-4698-b0b6-82676eaabafc,2022-02-02T19:22:08+01:00,"20-2-004, Female, 24","20-2-004, Female, 24",24,0,female,,5,
1e910051-760f-46b5-ae6e-2c9fe9d6c2fb,2022-02-02T00:51:51+01:00,"70-2-001, Female, 78","70-2-001, Female, 78",78,0,female,,1,
1168ea0e-1fe8-4ce9-a310-d2e1bc1fb30e,2022-01-29T02:40:30+01:00,"70-1-001, Male, 72","70-1-001, Male, 72",72,1,male,,5,
e4ae58e0-ede5-4f8c-aa61-e49844182825,2022-01-28T01:35:52+01:00,"20-1-001, Male, 27","20-1-001, Male, 27",27,1,male,,3,
46198ade-7660-441f-81aa-8cd51ed23f71,2022-01-24T18:36:19+01:00,"70-2-003, Female, 70","70-2-003, Female, 70",70,0,female,,5,
0524260c-bf0f-41c9-8752-25996d3029e4,2022-01-24T01:40:10+01:00,"60-2-004, Female, 68","60-2-004, Female, 68",68,0,female,,1,
0e3799ec-459c-49dc-a3d4-d62c49216c09,2022-01-23T17:44:10+01:00,"40-1-001, Male, 43","40-1-001, Male, 43",43,1,male,,5,
20c684d1-474d-4cf4-9add-d9d8b043fd31,2022-01-19T02:27:26+01:00,"60-2-005, Female, 60","60-2-005, Female, 60",60,0,female,,5,
1418e1ef-f809-4af8-883e-3cadc8ce2a69,2022-01-19T00:33:57+01:00,"50-2-008, Female, 54","50-2-008, Female, 54",54,0,female,,2,
d265b2cd-a90d-4e97-bfe2-62fcb759a782,2022-01-17T19:58:42+01:00,"María Dolores Rodríguez Ortiz 70-2-002, Female, 73","70-2-002, Female, 73",73,0,female,,2,
796e14ed-2def-4a49-a017-443dadc690e5,2022-01-16T00:37:40+01:00,"50-2-007, Female, 54","50-2-007, Female, 54",54,0,female,,4,
31fd440d-c1fe-495f-a444-2e856d9cb777,2022-01-15T18:03:25+01:00,"50-2-001, Female, 55","50-2-001, Female, 55",55,0,female,,1,
cc7a50ec-14aa-4dd7-b5d0-4644ce8f4f6a,2022-01-15T16:34:40+01:00,"50-1-003, Male, 57","50-1-003, Male, 57",57,1,male,,4,
792ccc23-e1b7-43fd-9313-eb2124b2e5b7,2022-01-13T23:55:37+01:00,"50-2-006, Female, 58","50-2-006, Female, 58",58,0,female,,5,
739bc65a-6515-41c6-b9ff-ee25d2aeb906,2022-01-12T18:19:44+01:00,"50-2-003, Female, 51","50-2-003, Female, 51",51,0,female,,5,
3b42144b-bc12-4661-b106-b073001ecbeb,2022-01-07T20:56:54+01:00,"angelica jimenez, Female, 51","50-2-004, Female, 51",51,0,female,,5,
6a01b914-e6d5-41e1-ae9a-2fa05308f645,2022-01-06T19:03:08+01:00,"50-2-002, Female, 54","50-2-002, Female, 54",54,0,female,,4,
9622fe3e-e108-4adb-a33e-3b32350d1042,2022-01-05T01:20:58+01:00,"Rosa María 60-2-002, Female, 64","60-2-002, Female, 64",64,0,female,,5,
9f3da4d2-a8d3-4ff2-9f84-f432a9306d9a,2022-01-04T14:01:17+01:00,"Ruiz Contreras Alejandra Evelyn, Female, 45","Ruiz Contreras Alejandra Evelyn, Female, 45",45,0,female,,5,
bc21821b-60b1-44f6-92a5-4b5d987dbf6b,2022-01-03T22:21:13+01:00,"50-1-002, Male, 55","50-1-002, Male, 55",55,1,male,,4,
8a452fca-9a74-4cc2-8a09-a5a4117f566f,2022-01-03T18:20:02+01:00,"Rebeca González Villela, Female, 66","Rebeca González Villela, Female, 66",66,0,female,,5,
3456ed4b-4bc4-4032-a0c7-06aa4fab4e1a,2021-12-27T21:53:28+01:00,"Practica_Error_de_Calibración_Angela, Female","Practica_Error_de_Calibración_Angela, Female",,0,female,,3,
